{"cameraMode":{"drawMode":0,"name":"Shaded","section":"Shading Mode"},"sceneLighting":true,"audioPlay":false,"sceneViewState":{"showFog":true,"showMaterialUpdate":false,"showSkybox":true,"showFlares":true,"showImageEffects":true,"showParticleSystems":true},"in2DMode":false,"pivot":{"x":-15.20565128326416,"y":11.52112102508545,"z":70.2109603881836},"rotation":{"x":-0.02096707932651043,"y":0.053370535373687747,"z":-0.0011475445935502649,"w":-0.9983760714530945},"size":145.004638671875,"orthographic":false}