{"cameraMode":{"drawMode":0,"name":"Shaded","section":"Shading Mode"},"sceneLighting":true,"audioPlay":false,"sceneViewState":{"showFog":true,"showMaterialUpdate":false,"showSkybox":true,"showFlares":true,"showImageEffects":true,"showParticleSystems":true},"in2DMode":false,"pivot":{"x":0.016509652137756349,"y":0.5026488304138184,"z":1.6734709739685059},"rotation":{"x":0.36619266867637637,"y":-0.019538896158337594,"z":0.007691552862524986,"w":0.9303041696548462},"size":21.369142532348634,"orthographic":false}