{"cameraMode":{"drawMode":0,"name":"Shaded","section":"Shading Mode"},"sceneLighting":false,"audioPlay":false,"sceneViewState":{"showFog":true,"showMaterialUpdate":false,"showSkybox":true,"showFlares":true,"showImageEffects":true,"showParticleSystems":true},"in2DMode":false,"pivot":{"x":0.0,"y":2.809999942779541,"z":2.049999952316284},"rotation":{"x":0.0957970842719078,"y":-0.08649220317602158,"z":0.008355929516255856,"w":0.9916011095046997},"size":23.33452796936035,"orthographic":false}